,precision,recall,f1-score,support
Normal,0.7294685990338164,0.6801801801801802,0.703962703962704,444.0
Diabetic Retinopathy,0.5870445344129555,0.6041666666666666,0.5954825462012321,240.0
Glaucoma,0.4126984126984127,0.5531914893617021,0.4727272727272727,47.0
Cataract,0.7627118644067796,0.9375,0.8411214953271028,48.0
Myopia,0.8421052631578947,0.8888888888888888,0.8648648648648649,36.0
Other,0.5539568345323741,0.5310344827586206,0.5422535211267606,145.0
accuracy,0.653125,0.653125,0.653125,0.653125
macro avg,0.6479975847070388,0.6991602846426764,0.6700687340349895,960.0
weighted avg,0.6577304912493261,0.653125,0.6539887093126401,960.0
