,precision,recall,f1-score,support
Normal,0.6454767726161369,0.6804123711340206,0.6624843161856964,388.0
Diabetic Retinopathy,0.6190476190476191,0.55,0.5824847250509165,260.0
Glaucoma,0.5303030303030303,0.6140350877192983,0.5691056910569106,57.0
Cataract,0.8392857142857143,0.8703703703703703,0.8545454545454545,54.0
Myopia,0.8571428571428571,1.0,0.9230769230769231,24.0
Other,0.591715976331361,0.5681818181818182,0.5797101449275363,176.0
accuracy,0.6392075078206465,0.6392075078206465,0.6392075078206465,0.6392075078206465
macro avg,0.6804953282877865,0.7138332745675845,0.6952345424739063,959.0
weighted avg,0.6378097084795532,0.6392075078206465,0.6373902542128044,959.0
