{
    "image_only": {
        "accuracy": 0.653125,
        "macro_f1": 0.6700687340349895,
        "weighted_f1": 0.6539887093126401
    },
    "metadata_only": {
        "accuracy": 0.9854166666666667,
        "macro_f1": 0.9846519131887348,
        "weighted_f1": 0.9854760459896119
    },
    "late_fusion": {
        "accuracy": 0.9875,
        "macro_f1": 0.9861103383956865,
        "weighted_f1": 0.9875042518729578
    }
}