Model,Accuracy,Macro F1,Weighted F1
Image Only,0.653125,0.6700687340349895,0.6539887093126401
Metadata Only,0.9854166666666667,0.9846519131887348,0.9854760459896119
Late Fusion,0.9875,0.9861103383956865,0.9875042518729578
